Invoice ID,Branch,City,Customer type,Gender,Product line,Unit price,Quantity,Tax 5%,Total,Date,Time,Payment,cogs,gross margin percentage,gross income,Rating
750-67-8428,A,Lagos,Member,Female,Health and beauty,26888.4,7,9410.94,197629.74,1/5/2019,13:08,Epay,188218.8,4.761904762,9410.94,9.1
631-41-3108,A,Lagos,Normal,Male,Home and lifestyle,16678.8,7,5837.58,122589.18,3/3/2019,13:23,Card,116751.6,4.761904762,5837.58,7.4
123-19-1176,A,Lagos,Member,Male,Health and beauty,20959.2,8,8383.68,176057.28,1/27/2019,20:33,Epay,167673.6,4.761904762,8383.68,8.4
373-73-7910,A,Lagos,Normal,Male,Sports and travel,31071.6,7,10875.06,228376.26,2/8/2019,10:37,Epay,217501.2,4.761904762,10875.06,5.3
355-53-5943,A,Lagos,Member,Female,Electronic accessories,24782.4,6,7434.72,156129.12,2/25/2019,14:36,Epay,148694.4,4.761904762,7434.72,5.8
665-32-9167,A,Lagos,Member,Female,Health and beauty,13053.6,2,1305.36,27412.56,1/10/2019,17:15,Card,26107.2,4.761904762,1305.36,7.2
365-64-0515,A,Lagos,Normal,Female,Electronic accessories,16902,5,4225.5,88735.5,2/12/2019,10:25,Epay,84510,4.761904762,4225.5,7.1
252-56-2699,A,Lagos,Normal,Male,Food and beverages,15548.4,10,7774.2,163258.2,2/7/2019,16:48,Epay,155484,4.761904762,7774.2,8.2
829-34-3910,A,Lagos,Normal,Female,Health and beauty,25696.8,10,12848.4,269816.4,3/29/2019,19:21,Cash,256968,4.761904762,12848.4,5.7
656-95-9349,A,Lagos,Member,Female,Health and beauty,24814.8,7,8685.18,182388.78,3/11/2019,11:03,Card,173703.6,4.761904762,8685.18,4.6
765-26-6951,A,Lagos,Normal,Male,Sports and travel,26139.6,6,7841.88,164679.48,1/1/2019,10:39,Card,156837.6,4.761904762,7841.88,6.9
329-62-1586,A,Lagos,Normal,Male,Food and beverages,19681.2,3,2952.18,61995.78,1/21/2019,18:00,Card,59043.6,4.761904762,2952.18,8.6
636-48-8204,A,Lagos,Normal,Male,Electronic accessories,12441.6,5,3110.4,65318.4,2/17/2019,11:15,Epay,62208,4.761904762,3110.4,9.9
549-59-1358,A,Lagos,Member,Male,Sports and travel,31906.8,3,4786.02,100506.42,3/2/2019,17:36,Epay,95720.4,4.761904762,4786.02,6
227-03-5010,A,Lagos,Member,Female,Home and lifestyle,18932.4,8,7572.96,159032.16,3/22/2019,19:20,Card,151459.2,4.761904762,7572.96,8.5
189-17-4241,A,Lagos,Normal,Female,Fashion accessories,31561.2,2,3156.12,66278.52,3/10/2019,12:17,Card,63122.4,4.761904762,3156.12,7.7
848-62-7243,A,Lagos,Normal,Male,Health and beauty,8960.4,9,4032.18,84675.78,3/15/2019,15:36,Cash,80643.6,4.761904762,4032.18,7.4
595-11-5460,A,Lagos,Normal,Male,Health and beauty,34768.8,2,3476.88,73014.48,3/15/2019,10:12,Card,69537.6,4.761904762,3476.88,5.1
129-29-8530,A,Lagos,Member,Male,Sports and travel,22543.2,5,5635.8,118351.8,3/10/2019,19:15,Epay,112716,4.761904762,5635.8,7
272-65-1806,A,Lagos,Normal,Female,Electronic accessories,21916.8,9,9862.56,207113.76,1/15/2019,17:17,Epay,197251.2,4.761904762,9862.56,4.7
162-48-8011,A,Lagos,Member,Female,Food and beverages,16052.4,5,4013.1,84275.1,2/10/2019,15:10,Cash,80262,4.761904762,4013.1,8.5
106-35-6779,A,Lagos,Member,Male,Home and lifestyle,15962.4,2,1596.24,33521.04,3/27/2019,11:26,Cash,31924.8,4.761904762,1596.24,5.8
635-40-6220,A,Lagos,Normal,Male,Health and beauty,32256,8,12902.4,270950.4,2/7/2019,11:28,Epay,258048,4.761904762,12902.4,6.6
817-48-8732,A,Lagos,Member,Female,Home and lifestyle,26046,10,13023,273483,1/20/2019,15:55,Cash,260460,4.761904762,13023,5.4
199-75-8169,A,Lagos,Member,Male,Sports and travel,5691.6,10,2845.8,59761.8,3/6/2019,12:27,Card,56916,4.761904762,2845.8,8.6
877-22-3308,A,Lagos,Member,Male,Health and beauty,5713.2,10,2856.6,59988.6,3/13/2019,16:40,Cash,57132,4.761904762,2856.6,5.8
232-11-3025,A,Lagos,Normal,Male,Sports and travel,28357.2,10,14178.6,297750.6,1/24/2019,10:04,Cash,283572,4.761904762,14178.6,6.4
382-03-4532,A,Lagos,Member,Female,Health and beauty,6598.8,1,329.94,6928.74,2/2/2019,18:50,Cash,6598.8,4.761904762,329.94,4.3
287-21-9091,A,Lagos,Normal,Male,Home and lifestyle,26881.2,9,12096.54,254027.34,1/22/2019,10:55,Epay,241930.8,4.761904762,12096.54,9.4
381-20-0914,A,Lagos,Member,Female,Fashion accessories,7203.6,9,3241.62,68074.02,1/12/2019,15:48,Card,64832.4,4.761904762,3241.62,5.7
633-44-8566,A,Lagos,Member,Male,Food and beverages,17776.8,7,6221.88,130659.48,3/27/2019,20:35,Card,124437.6,4.761904762,6221.88,7.3
504-35-8843,A,Lagos,Normal,Male,Sports and travel,15289.2,1,764.46,16053.66,1/2/2019,16:57,Cash,15289.2,4.761904762,764.46,5.7
873-51-0671,A,Lagos,Member,Female,Sports and travel,7912.8,7,2769.48,58159.08,1/10/2019,16:42,Epay,55389.6,4.761904762,2769.48,5.1
594-34-4444,A,Lagos,Normal,Male,Electronic accessories,34977.6,1,1748.88,36726.48,3/8/2019,20:38,Epay,34977.6,4.761904762,1748.88,7.2
865-92-6136,A,Lagos,Normal,Male,Food and beverages,18990,3,2848.5,59818.5,3/23/2019,10:16,Epay,56970,4.761904762,2848.5,9.3
212-62-1842,A,Lagos,Normal,Male,Food and beverages,20973.6,6,6292.08,132133.68,3/28/2019,16:44,Cash,125841.6,4.761904762,6292.08,9.9
704-48-3927,A,Lagos,Member,Male,Electronic accessories,31921.2,10,15960.6,335172.6,1/12/2019,14:50,Epay,319212,4.761904762,15960.6,7.3
630-74-5166,A,Lagos,Normal,Male,Sports and travel,22366.8,6,6710.04,140910.84,3/22/2019,20:19,Cash,134200.8,4.761904762,6710.04,7.4
645-44-1170,A,Lagos,Member,Male,Home and lifestyle,20905.2,9,9407.34,197554.14,1/19/2019,20:07,Epay,188146.8,4.761904762,9407.34,4.3
642-32-2990,A,Lagos,Normal,Female,Food and beverages,3945.6,10,1972.8,41428.8,2/2/2019,20:48,Epay,39456,4.761904762,1972.8,6
638-60-7125,A,Lagos,Normal,Female,Electronic accessories,35841.6,8,14336.64,301069.44,2/14/2019,17:03,Card,286732.8,4.761904762,14336.64,5.2
668-90-8900,A,Lagos,Normal,Female,Home and lifestyle,33728.4,7,11804.94,247903.74,3/10/2019,18:44,Card,236098.8,4.761904762,11804.94,4.5
870-54-3162,A,Lagos,Normal,Female,Sports and travel,11610,5,2902.5,60952.5,1/27/2019,13:26,Cash,58050,4.761904762,2902.5,9
802-70-5316,A,Lagos,Member,Female,Sports and travel,33166.8,6,9950.04,208950.84,3/6/2019,20:34,Cash,199000.8,4.761904762,9950.04,8.3
700-81-1757,A,Lagos,Normal,Female,Electronic accessories,9471.6,5,2367.9,49725.9,1/18/2019,20:59,Card,47358,4.761904762,2367.9,8.8
354-39-5160,A,Lagos,Member,Female,Home and lifestyle,12391.2,6,3717.36,78064.56,2/18/2019,15:39,Cash,74347.2,4.761904762,3717.36,9.8
575-30-8091,A,Lagos,Normal,Male,Sports and travel,26100,8,10440,219240,3/16/2019,19:25,Epay,208800,4.761904762,10440,9.2
239-10-7476,A,Lagos,Normal,Female,Home and lifestyle,28062,6,8418.6,176790.6,1/21/2019,16:37,Epay,168372,4.761904762,8418.6,8
685-64-1609,A,Lagos,Member,Female,Fashion accessories,10850.4,10,5425.2,113929.2,2/10/2019,12:28,Epay,108504,4.761904762,5425.2,9.2
238-49-0436,A,Lagos,Normal,Male,Health and beauty,11685.6,8,4674.24,98159.04,3/27/2019,13:48,Card,93484.8,4.761904762,4674.24,4.9
746-94-0204,A,Lagos,Normal,Male,Fashion accessories,29966.4,9,13484.88,283182.48,1/29/2019,11:56,Card,269697.6,4.761904762,13484.88,7.4
782-95-9291,A,Lagos,Member,Male,Food and beverages,33224.4,5,8306.1,174428.1,2/20/2019,15:55,Card,166122,4.761904762,8306.1,9
275-28-0149,A,Lagos,Normal,Male,Sports and travel,22928.4,1,1146.42,24074.82,2/25/2019,16:21,Cash,22928.4,4.761904762,1146.42,6
101-17-6199,A,Lagos,Normal,Male,Food and beverages,16484.4,7,5769.54,121160.34,3/13/2019,19:44,Card,115390.8,4.761904762,5769.54,7
687-47-8271,A,Lagos,Normal,Male,Fashion accessories,35632.8,10,17816.4,374144.4,2/8/2019,16:20,Card,356328,4.761904762,17816.4,8.7
796-32-9050,A,Lagos,Normal,Male,Food and beverages,18460.8,6,5538.24,116303.04,1/19/2019,16:31,Cash,110764.8,4.761904762,5538.24,6.5
105-31-1824,A,Lagos,Member,Male,Sports and travel,25027.2,7,8759.52,183949.92,2/1/2019,15:10,Card,175190.4,4.761904762,8759.52,8.5
249-42-3782,A,Lagos,Normal,Male,Health and beauty,25203.6,5,6300.9,132318.9,1/3/2019,11:36,Epay,126018,4.761904762,6300.9,5.5
827-26-2100,A,Lagos,Member,Male,Home and lifestyle,12182.4,9,5482.08,115123.68,3/21/2019,16:21,Epay,109641.6,4.761904762,5482.08,8.8
175-54-2529,A,Lagos,Member,Male,Food and beverages,7981.2,8,3192.48,67042.08,3/3/2019,17:01,Card,63849.6,4.761904762,3192.48,9.6
407-63-8975,A,Lagos,Normal,Male,Food and beverages,26596.8,6,7979.04,167559.84,3/23/2019,19:16,Epay,159580.8,4.761904762,7979.04,4.4
851-28-6367,A,Lagos,Member,Male,Sports and travel,5580,10,2790,58590,3/23/2019,10:55,Epay,55800,4.761904762,2790,8
586-25-0848,A,Lagos,Normal,Female,Sports and travel,4442.4,7,1554.84,32651.64,3/4/2019,11:19,Card,31096.8,4.761904762,1554.84,6.7
400-60-7251,A,Lagos,Normal,Male,Home and lifestyle,26665.2,1,1333.26,27998.46,2/10/2019,12:50,Epay,26665.2,4.761904762,1333.26,9.9
831-07-6050,A,Lagos,Normal,Male,Electronic accessories,11775.6,5,2943.9,61821.9,3/19/2019,11:30,Card,58878,4.761904762,2943.9,9.9
856-22-8149,A,Lagos,Normal,Female,Home and lifestyle,9104.4,1,455.22,9559.62,3/23/2019,10:13,Epay,9104.4,4.761904762,455.22,6.1
749-24-1565,A,Lagos,Normal,Female,Health and beauty,8290.8,9,3730.86,78348.06,1/3/2019,12:02,Epay,74617.2,4.761904762,3730.86,7.9
888-02-0338,A,Lagos,Normal,Male,Electronic accessories,9442.8,9,4249.26,89234.46,1/25/2019,20:24,Epay,84985.2,4.761904762,4249.26,5.9
802-43-8934,A,Lagos,Normal,Male,Home and lifestyle,6580.8,1,329.04,6909.84,3/22/2019,15:05,Card,6580.8,4.761904762,329.04,8.3
319-74-2561,A,Lagos,Member,Female,Electronic accessories,34070.4,3,5110.56,107321.76,2/21/2019,16:55,Cash,102211.2,4.761904762,5110.56,5.5
213-72-6612,A,Lagos,Normal,Male,Food and beverages,15570,2,1557,32697,3/20/2019,15:56,Cash,31140,4.761904762,1557,6.2
721-86-6247,A,Lagos,Normal,Female,Home and lifestyle,22831.2,8,9132.48,191782.08,3/11/2019,12:55,Epay,182649.6,4.761904762,9132.48,7.4
157-13-5295,A,Lagos,Member,Male,Health and beauty,18698.4,10,9349.2,196333.2,3/9/2019,18:24,Epay,186984,4.761904762,9349.2,6.5
645-78-8093,A,Lagos,Normal,Female,Sports and travel,33530.4,2,3353.04,70413.84,1/20/2019,18:09,Epay,67060.8,4.761904762,3353.04,4.1
478-06-7835,A,Lagos,Normal,Male,Fashion accessories,32288.4,1,1614.42,33902.82,1/11/2019,11:20,Epay,32288.4,4.761904762,1614.42,4.9
540-11-4336,A,Lagos,Normal,Male,Food and beverages,8978.4,9,4040.28,84845.88,1/11/2019,16:49,Card,80805.6,4.761904762,4040.28,5.6
448-81-5016,A,Lagos,Normal,Male,Health and beauty,21517.2,2,2151.72,45186.12,3/11/2019,12:01,Card,43034.4,4.761904762,2151.72,5.8
217-58-1179,A,Lagos,Member,Male,Home and lifestyle,22554,4,4510.8,94726.8,1/5/2019,11:25,Cash,90216,4.761904762,4510.8,4.2
530-90-9855,A,Lagos,Member,Male,Home and lifestyle,17132.4,8,6852.96,143912.16,1/1/2019,14:47,Cash,137059.2,4.761904762,6852.96,5.7
604-70-6476,A,Lagos,Member,Male,Fashion accessories,6458.4,5,1614.6,33906.6,1/23/2019,14:04,Epay,32292,4.761904762,1614.6,6.8
799-71-1548,A,Lagos,Member,Male,Electronic accessories,27979.2,4,5595.84,117512.64,1/7/2019,16:11,Card,111916.8,4.761904762,5595.84,8.8
290-68-2984,A,Lagos,Normal,Male,Home and lifestyle,8550,4,1710,35910,3/16/2019,11:22,Cash,34200,4.761904762,1710,5.2
704-11-6354,A,Lagos,Member,Male,Home and lifestyle,21204,8,8481.6,178113.6,1/6/2019,11:23,Cash,169632,4.761904762,8481.6,8.9
366-93-0948,A,Lagos,Member,Male,Electronic accessories,23886,1,1194.3,25080.3,1/31/2019,10:46,Card,23886,4.761904762,1194.3,9.7
729-09-9681,A,Lagos,Member,Male,Home and lifestyle,9327.6,6,2798.28,58763.88,2/5/2019,10:16,Epay,55965.6,4.761904762,2798.28,8.7
151-16-1484,A,Lagos,Member,Male,Electronic accessories,11610,4,2322,48762,2/13/2019,12:38,Epay,46440,4.761904762,2322,6.5
850-41-9669,A,Lagos,Normal,Female,Electronic accessories,27021.6,9,12159.72,255354.12,3/19/2019,13:25,Epay,243194.4,4.761904762,12159.72,6.2
447-15-7839,A,Lagos,Member,Female,Sports and travel,8006.4,10,4003.2,84067.2,2/9/2019,11:00,Cash,80064,4.761904762,4003.2,4.2
253-12-6086,A,Lagos,Member,Female,Sports and travel,35424,7,12398.4,260366.4,3/12/2019,12:43,Card,247968,4.761904762,12398.4,8.7
144-51-6085,A,Lagos,Member,Male,Home and lifestyle,25466.4,4,5093.28,106958.88,1/5/2019,16:05,Card,101865.6,4.761904762,5093.28,4.4
731-14-2199,A,Lagos,Member,Female,Home and lifestyle,12794.4,10,6397.2,134341.2,1/4/2019,13:34,Epay,127944,4.761904762,6397.2,7
126-54-1082,A,Lagos,Member,Female,Home and lifestyle,7754.4,9,3489.48,73279.08,1/7/2019,11:44,Card,69789.6,4.761904762,3489.48,8.8
633-91-1052,A,Lagos,Normal,Female,Home and lifestyle,4330.8,2,433.08,9094.68,1/27/2019,15:51,Cash,8661.6,4.761904762,433.08,5.1
828-61-5674,A,Lagos,Member,Male,Sports and travel,15847.2,10,7923.6,166395.6,3/20/2019,19:57,Card,158472,4.761904762,7923.6,9.6
136-08-6195,A,Lagos,Normal,Female,Home and lifestyle,25185.6,8,10074.24,211559.04,2/15/2019,17:01,Card,201484.8,4.761904762,10074.24,6.4
490-29-1201,A,Lagos,Normal,Female,Sports and travel,5522.4,1,276.12,5798.52,1/6/2019,11:09,Cash,5522.4,4.761904762,276.12,6.5
667-92-0055,A,Lagos,Member,Male,Health and beauty,35938.8,6,10781.64,226414.44,3/4/2019,15:02,Epay,215632.8,4.761904762,10781.64,8.5
565-17-3836,A,Lagos,Member,Female,Health and beauty,17161.2,4,3432.24,72077.04,3/12/2019,14:21,Cash,68644.8,4.761904762,3432.24,9.1
430-60-3493,A,Lagos,Member,Female,Home and lifestyle,34156.8,7,11954.88,251052.48,2/3/2019,14:38,Cash,239097.6,4.761904762,11954.88,4.2
278-97-7759,A,Lagos,Member,Female,Electronic accessories,22492.8,1,1124.64,23617.44,2/18/2019,20:29,Cash,22492.8,4.761904762,1124.64,4.7
316-68-6352,A,Lagos,Member,Female,Food and beverages,13089.6,2,1308.96,27488.16,1/21/2019,10:00,Cash,26179.2,4.761904762,1308.96,7.1
744-02-5987,A,Lagos,Member,Male,Home and lifestyle,28216.8,6,8465.04,177765.84,1/10/2019,14:16,Epay,169300.8,4.761904762,8465.04,5.8
307-83-9164,A,Lagos,Member,Male,Home and lifestyle,21603.6,4,4320.72,90735.12,1/25/2019,15:54,Cash,86414.4,4.761904762,4320.72,4.5
439-54-7422,A,Lagos,Normal,Female,Electronic accessories,18428.4,4,3685.68,77399.28,3/18/2019,17:15,Card,73713.6,4.761904762,3685.68,4.7
411-77-0180,A,Lagos,Member,Male,Electronic accessories,25992,7,9097.2,191041.2,3/26/2019,20:14,Epay,181944,4.761904762,9097.2,4.3
286-01-5402,A,Lagos,Normal,Female,Sports and travel,14482.8,7,5068.98,106448.58,3/30/2019,13:22,Cash,101379.6,4.761904762,5068.98,9.6
803-17-8013,A,Lagos,Member,Female,Home and lifestyle,31964.4,8,12785.76,268500.96,2/17/2019,17:09,Cash,255715.2,4.761904762,12785.76,4.1
512-98-1403,A,Lagos,Member,Female,Electronic accessories,9532.8,3,1429.92,30028.32,3/21/2019,10:40,Epay,28598.4,4.761904762,1429.92,4.7
848-42-2560,A,Lagos,Normal,Female,Fashion accessories,29487.6,2,2948.76,61923.96,3/5/2019,17:43,Cash,58975.2,4.761904762,2948.76,7.8
870-76-1733,A,Lagos,Member,Female,Food and beverages,5122.8,5,1280.7,26894.7,2/1/2019,10:08,Card,25614,4.761904762,1280.7,4.4
423-64-4619,A,Lagos,Member,Female,Health and beauty,5598,9,2519.1,52901.1,3/7/2019,13:12,Cash,50382,4.761904762,2519.1,5
372-94-8041,A,Lagos,Normal,Male,Health and beauty,5493.6,6,1648.08,34609.68,2/15/2019,18:03,Epay,32961.6,4.761904762,1648.08,9.8
563-91-7120,A,Lagos,Normal,Female,Fashion accessories,22237.2,5,5559.3,116745.3,3/8/2019,13:21,Cash,111186,4.761904762,5559.3,6.7
746-54-5508,A,Lagos,Normal,Male,Home and lifestyle,7747.2,6,2324.16,48807.36,1/17/2019,12:48,Card,46483.2,4.761904762,2324.16,9.4
815-11-1168,A,Lagos,Member,Male,Food and beverages,35920.8,5,8980.2,188584.2,3/9/2019,19:09,Cash,179604,4.761904762,8980.2,5.4
340-66-0321,A,Lagos,Member,Male,Electronic accessories,13089.6,4,2617.92,54976.32,3/25/2019,13:07,Cash,52358.4,4.761904762,2617.92,7.6
634-97-8956,A,Lagos,Normal,Male,Food and beverages,11844,3,1776.6,37308.6,2/17/2019,17:27,Card,35532,4.761904762,1776.6,9.1
566-71-1091,A,Lagos,Normal,Male,Fashion accessories,27727.2,5,6931.8,145567.8,2/3/2019,15:59,Cash,138636,4.761904762,6931.8,5.5
442-48-3607,A,Lagos,Member,Male,Food and beverages,8452.8,2,845.28,17750.88,3/14/2019,11:21,Card,16905.6,4.761904762,845.28,7.9
527-09-6272,A,Lagos,Member,Female,Electronic accessories,10242,5,2560.5,53770.5,3/21/2019,10:17,Card,51210,4.761904762,2560.5,9.1
898-04-2717,A,Lagos,Normal,Male,Fashion accessories,27504,9,12376.8,259912.8,3/19/2019,15:49,Epay,247536,4.761904762,12376.8,7.5
150-89-8043,A,Lagos,Normal,Male,Sports and travel,16074,3,2411.1,50633.1,2/14/2019,15:04,Cash,48222,4.761904762,2411.1,6.2
135-84-8019,A,Lagos,Normal,Female,Fashion accessories,28054.8,9,12624.66,265117.86,2/27/2019,16:10,Epay,252493.2,4.761904762,12624.66,7.6
441-94-7118,A,Lagos,Member,Male,Electronic accessories,25902,1,1295.1,27197.1,2/4/2019,12:14,Cash,25902,4.761904762,1295.1,7.3
531-80-1784,A,Lagos,Normal,Male,Electronic accessories,9367.2,7,3278.52,68848.92,3/28/2019,17:38,Cash,65570.4,4.761904762,3278.52,5.1
834-61-8124,A,Lagos,Normal,Male,Electronic accessories,18608.4,7,6512.94,136771.74,1/26/2019,18:22,Cash,130258.8,4.761904762,6512.94,5.5
612-36-5536,A,Lagos,Member,Male,Food and beverages,29145.6,8,11658.24,244823.04,2/17/2019,11:12,Card,233164.8,4.761904762,11658.24,7.4
462-67-9126,A,Lagos,Normal,Male,Home and lifestyle,26359.2,6,7907.76,166062.96,1/21/2019,17:44,Cash,158155.2,4.761904762,7907.76,7.2
468-88-0009,A,Lagos,Member,Male,Home and lifestyle,23738.4,4,4747.68,99701.28,3/24/2019,10:29,Cash,94953.6,4.761904762,4747.68,6
254-31-0042,A,Lagos,Member,Male,Electronic accessories,7740,9,3483,73143,3/6/2019,12:46,Card,69660,4.761904762,3483,7.8
422-29-8786,A,Lagos,Normal,Female,Home and lifestyle,24152.4,5,6038.1,126800.1,1/3/2019,16:47,Card,120762,4.761904762,6038.1,9.1
667-23-5919,A,Lagos,Member,Female,Fashion accessories,34812,5,8703,182763,1/14/2019,12:52,Epay,174060,4.761904762,8703,7
289-15-7034,A,Lagos,Member,Male,Sports and travel,29638.8,4,5927.76,124482.96,1/11/2019,10:37,Card,118555.2,4.761904762,5927.76,7.5
662-72-2873,A,Lagos,Normal,Female,Food and beverages,14738.4,5,3684.6,77376.6,1/6/2019,13:58,Epay,73692,4.761904762,3684.6,9.9
725-56-0833,A,Lagos,Normal,Female,Health and beauty,11635.2,10,5817.6,122169.6,2/20/2019,16:49,Card,116352,4.761904762,5817.6,10
563-36-9814,A,Lagos,Member,Male,Electronic accessories,27655.2,1,1382.76,29037.96,2/13/2019,18:27,Epay,27655.2,4.761904762,1382.76,7.2
308-47-4913,A,Lagos,Member,Female,Sports and travel,18813.6,10,9406.8,197542.8,3/9/2019,12:45,Card,188136,4.761904762,9406.8,6.2
885-17-6250,A,Lagos,Normal,Female,Health and beauty,28706.4,1,1435.32,30141.72,3/6/2019,10:36,Epay,28706.4,4.761904762,1435.32,7.3
726-27-2396,A,Lagos,Normal,Female,Health and beauty,27900,5,6975,146475,1/24/2019,20:36,Epay,139500,4.761904762,6975,4.3
316-01-3952,A,Lagos,Normal,Female,Food and beverages,19537.2,5,4884.3,102570.3,3/13/2019,14:16,Epay,97686,4.761904762,4884.3,4.6
882-40-4577,A,Lagos,Member,Male,Sports and travel,24213.6,4,4842.72,101697.12,1/19/2019,15:28,Card,96854.4,4.761904762,4842.72,8
732-67-5346,A,Lagos,Normal,Male,Food and beverages,4964.4,5,1241.1,26063.1,1/11/2019,19:07,Card,24822,4.761904762,1241.1,7.8
256-08-8343,A,Lagos,Normal,Female,Home and lifestyle,20350.8,4,4070.16,85473.36,3/4/2019,19:48,Epay,81403.2,4.761904762,4070.16,5.5
132-23-6451,A,Lagos,Member,Male,Health and beauty,7549.2,5,1887.3,39633.3,1/4/2019,13:21,Cash,37746,4.761904762,1887.3,7.8
696-90-2548,A,Lagos,Normal,Male,Sports and travel,9302.4,3,1395.36,29302.56,3/10/2019,18:55,Epay,27907.2,4.761904762,1395.36,6.6
472-15-9636,A,Lagos,Normal,Male,Home and lifestyle,18334.8,8,7333.92,154012.32,3/22/2019,19:36,Epay,146678.4,4.761904762,7333.92,9.2
745-71-3520,A,Lagos,Member,Female,Electronic accessories,9079.2,7,3177.72,66732.12,2/4/2019,10:23,Cash,63554.4,4.761904762,3177.72,8.2
269-10-8440,A,Lagos,Member,Male,Health and beauty,19141.2,7,6699.42,140687.82,1/21/2019,18:01,Cash,133988.4,4.761904762,6699.42,8.9
325-77-6186,A,Lagos,Member,Female,Home and lifestyle,32634,10,16317,342657,3/8/2019,10:53,Epay,326340,4.761904762,16317,7.3
459-50-7686,A,Lagos,Normal,Female,Electronic accessories,8445.6,6,2533.68,53207.28,1/13/2019,19:14,Epay,50673.6,4.761904762,2533.68,6.4
345-08-4992,A,Lagos,Normal,Male,Home and lifestyle,12236.4,6,3670.92,77089.32,3/8/2019,15:37,Card,73418.4,4.761904762,3670.92,7.7
138-17-5109,A,Lagos,Member,Female,Home and lifestyle,32115.6,9,14452.02,303492.42,1/15/2019,15:42,Card,289040.4,4.761904762,14452.02,6.5
301-11-9629,A,Lagos,Normal,Female,Sports and travel,6876,7,2406.6,50538.6,1/15/2019,10:43,Cash,48132,4.761904762,2406.6,9.7
727-17-0390,A,Lagos,Normal,Female,Food and beverages,22899.6,5,5724.9,120222.9,3/16/2019,12:43,Epay,114498,4.761904762,5724.9,4.8
568-88-3448,A,Lagos,Normal,Male,Health and beauty,9000,1,450,9450,3/3/2019,15:09,Epay,9000,4.761904762,450,5.5
187-83-5490,A,Lagos,Member,Male,Electronic accessories,7477.2,4,1495.44,31404.24,1/31/2019,13:47,Cash,29908.8,4.761904762,1495.44,4.7
470-32-9057,A,Lagos,Member,Male,Food and beverages,18482.4,5,4620.6,97032.6,3/28/2019,15:31,Card,92412,4.761904762,4620.6,9.1
340-21-9136,A,Lagos,Member,Female,Sports and travel,14418,4,2883.6,60555.6,1/25/2019,11:40,Cash,57672,4.761904762,2883.6,9.7
405-31-3305,A,Lagos,Member,Male,Fashion accessories,15526.8,10,7763.4,163031.4,2/2/2019,18:31,Card,155268,4.761904762,7763.4,5.5
676-39-6028,A,Lagos,Member,Female,Electronic accessories,23198.4,5,5799.6,121791.6,3/30/2019,17:04,Cash,115992,4.761904762,5799.6,6.6
502-05-1910,A,Lagos,Normal,Male,Health and beauty,23464.8,3,3519.72,73914.12,2/25/2019,20:35,Card,70394.4,4.761904762,3519.72,6.3
485-30-8700,A,Lagos,Normal,Female,Sports and travel,11973.6,5,2993.4,62861.4,3/18/2019,16:10,Card,59868,4.761904762,2993.4,4.2
575-67-1508,A,Lagos,Normal,Male,Electronic accessories,13896,1,694.8,14590.8,1/29/2019,11:26,Epay,13896,4.761904762,694.8,6.7
674-15-9296,A,Lagos,Normal,Male,Sports and travel,13370.4,5,3342.6,70194.6,1/8/2019,13:05,Epay,66852,4.761904762,3342.6,5
795-49-7276,A,Lagos,Normal,Male,Fashion accessories,13374,4,2674.8,56170.8,3/23/2019,18:59,Epay,53496,4.761904762,2674.8,8.3
510-09-5628,A,Lagos,Member,Female,Fashion accessories,7077.6,10,3538.8,74314.8,3/15/2019,18:20,Card,70776,4.761904762,3538.8,7.2
420-18-8989,A,Lagos,Member,Female,Sports and travel,18547.2,8,7418.88,155796.48,2/2/2019,15:47,Cash,148377.6,4.761904762,7418.88,9.6
726-29-6793,A,Lagos,Member,Male,Electronic accessories,8704.8,8,3481.92,73120.32,1/28/2019,20:54,Epay,69638.4,4.761904762,3481.92,9.8
209-61-0206,A,Lagos,Normal,Female,Home and lifestyle,15447.6,5,3861.9,81099.9,1/5/2019,17:29,Epay,77238,4.761904762,3861.9,6.1
595-27-4851,A,Lagos,Normal,Female,Fashion accessories,19540.8,7,6839.28,143624.88,1/27/2019,18:05,Epay,136785.6,4.761904762,6839.28,9.3
189-52-0236,A,Lagos,Normal,Male,Electronic accessories,35838,7,12543.3,263409.3,3/14/2019,12:07,Cash,250866,4.761904762,12543.3,7.6
220-28-1851,A,Lagos,Normal,Male,Home and lifestyle,12502.8,2,1250.28,26255.88,3/1/2019,18:14,Epay,25005.6,4.761904762,1250.28,9.7
609-81-8548,A,Lagos,Member,Female,Home and lifestyle,13478.4,6,4043.52,84913.92,2/6/2019,13:55,Card,80870.4,4.761904762,4043.52,5.9
534-01-4457,A,Lagos,Normal,Male,Food and beverages,29415.6,6,8824.68,185318.28,1/27/2019,14:36,Card,176493.6,4.761904762,8824.68,8
719-89-8991,A,Lagos,Member,Female,Sports and travel,32907.6,5,8226.9,172764.9,2/25/2019,16:03,Epay,164538,4.761904762,8226.9,7.1
827-77-7633,A,Lagos,Normal,Male,Sports and travel,35312.4,9,15890.58,333702.18,2/17/2019,19:41,Cash,317811.6,4.761904762,15890.58,9.3
287-83-1405,A,Lagos,Normal,Male,Health and beauty,9154.8,6,2746.44,57675.24,2/12/2019,19:01,Epay,54928.8,4.761904762,2746.44,7
435-13-4908,A,Lagos,Member,Male,Fashion accessories,31204.8,8,12481.92,262120.32,1/24/2019,18:04,Card,249638.4,4.761904762,12481.92,7.2
892-05-6689,A,Lagos,Normal,Female,Home and lifestyle,10195.2,5,2548.8,53524.8,3/11/2019,13:28,Epay,50976,4.761904762,2548.8,6.2
643-38-7867,A,Lagos,Normal,Male,Home and lifestyle,35258.4,1,1762.92,37021.32,3/7/2019,11:44,Epay,35258.4,4.761904762,1762.92,6.9
308-81-0538,A,Lagos,Normal,Female,Fashion accessories,26298,4,5259.6,110451.6,2/25/2019,17:16,Card,105192,4.761904762,5259.6,4.9
460-35-4390,A,Lagos,Normal,Male,Home and lifestyle,11044.8,3,1656.72,34791.12,1/22/2019,11:00,Epay,33134.4,4.761904762,1656.72,9.1
647-50-1224,A,Lagos,Normal,Female,Fashion accessories,10591.2,10,5295.6,111207.6,1/12/2019,16:23,Epay,105912,4.761904762,5295.6,8.9
541-48-8554,A,Lagos,Normal,Male,Sports and travel,21942,9,9873.9,207351.9,1/7/2019,12:08,Card,197478,4.761904762,9873.9,6
213-32-1216,A,Lagos,Normal,Female,Electronic accessories,23781.6,6,7134.48,149824.08,1/23/2019,10:28,Cash,142689.6,4.761904762,7134.48,7.3
134-75-2619,A,Lagos,Member,Male,Electronic accessories,6955.2,7,2434.32,51120.72,3/25/2019,18:51,Cash,48686.4,4.761904762,2434.32,6.9
712-39-0363,A,Lagos,Member,Male,Food and beverages,14997.6,6,4499.28,94484.88,1/2/2019,15:24,Epay,89985.6,4.761904762,4499.28,5.6
218-59-9410,A,Lagos,Member,Female,Home and lifestyle,26071.2,3,3910.68,82124.28,3/29/2019,16:54,Epay,78213.6,4.761904762,3910.68,8.2
760-90-2357,A,Lagos,Member,Male,Electronic accessories,26823.6,6,8047.08,168988.68,3/20/2019,15:08,Epay,160941.6,4.761904762,8047.08,5
698-98-5964,A,Lagos,Normal,Female,Food and beverages,29235.6,10,14617.8,306973.8,1/17/2019,13:01,Card,292356,4.761904762,14617.8,6.3
651-88-7328,A,Lagos,Normal,Female,Fashion accessories,23666.4,9,10649.88,223647.48,1/1/2019,13:55,Cash,212997.6,4.761904762,10649.88,7.7
239-48-4278,A,Lagos,Member,Male,Food and beverages,3646.8,7,1276.38,26803.98,3/10/2019,19:35,Epay,25527.6,4.761904762,1276.38,8.3
550-84-8664,A,Lagos,Normal,Male,Sports and travel,30927.6,5,7731.9,162369.9,3/22/2019,14:33,Card,154638,4.761904762,7731.9,8.6
797-88-0493,A,Lagos,Normal,Female,Health and beauty,23137.2,4,4627.44,97176.24,3/26/2019,13:54,Cash,92548.8,4.761904762,4627.44,7.7
443-82-0585,A,Lagos,Member,Female,Health and beauty,27964.8,4,5592.96,117452.16,2/1/2019,19:54,Cash,111859.2,4.761904762,5592.96,8.4
127-47-6963,A,Lagos,Normal,Male,Health and beauty,18615.6,4,3723.12,78185.52,3/9/2019,13:53,Card,74462.4,4.761904762,3723.12,9.8
278-86-2735,A,Lagos,Normal,Female,Food and beverages,18842.4,3,2826.36,59353.56,3/27/2019,14:03,Cash,56527.2,4.761904762,2826.36,9.2
695-28-6250,A,Lagos,Normal,Female,Sports and travel,15501.6,5,3875.4,81383.4,2/4/2019,16:38,Epay,77508,4.761904762,3875.4,7.7
227-50-3718,A,Lagos,Normal,Male,Health and beauty,5263.2,5,1315.8,27631.8,3/4/2019,12:23,Cash,26316,4.761904762,1315.8,4.4
560-49-6611,A,Lagos,Member,Female,Sports and travel,16408.8,1,820.44,17229.24,2/7/2019,14:13,Cash,16408.8,4.761904762,820.44,9.8
880-35-0356,A,Lagos,Member,Female,Sports and travel,27072,3,4060.8,85276.8,2/5/2019,11:51,Epay,81216,4.761904762,4060.8,4.8
152-68-2907,A,Lagos,Normal,Male,Food and beverages,18792,3,2818.8,59194.8,2/15/2019,13:30,Card,56376,4.761904762,2818.8,9.5
334-64-2006,A,Lagos,Member,Female,Home and lifestyle,25315.2,2,2531.52,53161.92,3/24/2019,14:22,Epay,50630.4,4.761904762,2531.52,9.6
559-98-9873,A,Lagos,Member,Female,Fashion accessories,19314,7,6759.9,141957.9,2/10/2019,12:56,Epay,135198,4.761904762,6759.9,5.2
318-12-0304,A,Lagos,Normal,Male,Fashion accessories,11019.6,1,550.98,11570.58,1/23/2019,12:20,Epay,11019.6,4.761904762,550.98,5.2
421-95-9805,A,Lagos,Normal,Female,Electronic accessories,10425.6,1,521.28,10946.88,2/7/2019,10:18,Card,10425.6,4.761904762,521.28,6.2
443-59-0061,A,Lagos,Member,Male,Food and beverages,24282,10,12141,254961,2/3/2019,11:25,Epay,242820,4.761904762,12141,4.2
509-29-3912,A,Lagos,Member,Female,Sports and travel,13939.2,9,6272.64,131725.44,3/20/2019,12:24,Epay,125452.8,4.761904762,6272.64,4.2
828-46-6863,A,Lagos,Member,Male,Food and beverages,35470.8,6,10641.24,223466.04,1/23/2019,11:22,Card,212824.8,4.761904762,10641.24,4
420-97-3340,A,Lagos,Normal,Female,Food and beverages,25804.8,3,3870.72,81285.12,3/28/2019,15:30,Card,77414.4,4.761904762,3870.72,9.2
436-54-4512,A,Lagos,Member,Female,Food and beverages,32979.6,1,1648.98,34628.58,3/20/2019,19:44,Cash,32979.6,4.761904762,1648.98,9.8
816-57-2053,A,Lagos,Normal,Male,Sports and travel,21913.2,2,2191.32,46017.72,3/9/2019,12:37,Epay,43826.4,4.761904762,2191.32,8.7
856-66-2701,A,Lagos,Member,Male,Home and lifestyle,19188,3,2878.2,60442.2,1/25/2019,14:19,Epay,57564,4.761904762,2878.2,7.5
308-39-1707,A,Lagos,Normal,Female,Fashion accessories,4352.4,1,217.62,4570.02,1/26/2019,18:19,Card,4352.4,4.761904762,217.62,8.2
149-61-1929,A,Lagos,Normal,Male,Sports and travel,23108.4,10,11554.2,242638.2,1/19/2019,14:08,Card,231084,4.761904762,11554.2,6.7
655-07-2265,A,Lagos,Normal,Male,Electronic accessories,28191.6,3,4228.74,88803.54,3/5/2019,16:38,Epay,84574.8,4.761904762,4228.74,5.4
589-02-8023,A,Lagos,Member,Male,Food and beverages,30157.2,2,3015.72,63330.12,1/15/2019,10:54,Card,60314.4,4.761904762,3015.72,7
610-46-4100,A,Lagos,Normal,Male,Health and beauty,10422,7,3647.7,76601.7,3/3/2019,20:31,Card,72954,4.761904762,3647.7,6
706-36-6154,A,Lagos,Member,Male,Home and lifestyle,6969.6,9,3136.32,65862.72,1/18/2019,18:43,Epay,62726.4,4.761904762,3136.32,8.7
742-04-5161,A,Lagos,Member,Male,Home and lifestyle,26200.8,10,13100.4,275108.4,2/3/2019,17:24,Cash,262008,4.761904762,13100.4,7.3
169-52-4504,A,Lagos,Normal,Female,Electronic accessories,5648.4,3,847.26,17792.46,3/14/2019,14:13,Card,16945.2,4.761904762,847.26,5.8
562-12-5430,A,Lagos,Member,Female,Fashion accessories,31734,3,4760.1,99962.1,1/18/2019,10:11,Epay,95202,4.761904762,4760.1,7.9
816-72-8853,A,Lagos,Member,Female,Sports and travel,10054.8,5,2513.7,52787.7,1/29/2019,15:48,Cash,50274,4.761904762,2513.7,5.9
491-38-3499,A,Lagos,Member,Male,Fashion accessories,19962,1,998.1,20960.1,2/26/2019,17:46,Card,19962,4.761904762,998.1,4.9
518-17-2983,A,Lagos,Normal,Female,Fashion accessories,17506.8,4,3501.36,73528.56,2/4/2019,15:44,Epay,70027.2,4.761904762,3501.36,7.6
588-47-8641,A,Lagos,Member,Male,Fashion accessories,20174.4,10,10087.2,211831.2,1/14/2019,19:30,Epay,201744,4.761904762,10087.2,4.4
811-03-8790,A,Lagos,Normal,Female,Electronic accessories,16372.8,10,8186.4,171914.4,3/1/2019,10:22,Card,163728,4.761904762,8186.4,4.8
274-05-5470,A,Lagos,Member,Female,Food and beverages,26449.2,4,5289.84,111086.64,2/23/2019,18:30,Cash,105796.8,4.761904762,5289.84,6
130-67-4723,A,Lagos,Member,Male,Food and beverages,17460,6,5238,109998,1/11/2019,13:57,Epay,104760,4.761904762,5238,9.4
105-10-6182,A,Lagos,Member,Male,Fashion accessories,7732.8,2,773.28,16238.88,2/27/2019,12:22,Epay,15465.6,4.761904762,773.28,6.6
648-83-1321,A,Lagos,Member,Male,Home and lifestyle,22881.6,10,11440.8,240256.8,1/16/2019,17:59,Cash,228816,4.761904762,11440.8,4.3
305-03-2383,A,Lagos,Normal,Female,Food and beverages,24156,3,3623.4,76091.4,2/15/2019,10:36,Cash,72468,4.761904762,3623.4,7.5
689-05-1884,A,Lagos,Member,Male,Health and beauty,17506.8,10,8753.4,183821.4,3/4/2019,12:44,Cash,175068,4.761904762,8753.4,8.8
800-09-8606,A,Lagos,Member,Female,Home and lifestyle,31453.2,5,7863.3,165129.3,1/29/2019,19:45,Cash,157266,4.761904762,7863.3,6.6
182-52-7000,A,Lagos,Member,Female,Sports and travel,9734.4,4,1946.88,40884.48,1/1/2019,20:26,Epay,38937.6,4.761904762,1946.88,6.9
868-06-0466,A,Lagos,Member,Male,Electronic accessories,25048.8,9,11271.96,236711.16,2/19/2019,19:38,Card,225439.2,4.761904762,11271.96,7.8
445-30-9252,A,Lagos,Normal,Male,Sports and travel,9252,3,1387.8,29143.8,1/17/2019,17:59,Epay,27756,4.761904762,1387.8,6.1
786-94-2700,A,Lagos,Member,Male,Food and beverages,29023.2,6,8706.96,182846.16,2/28/2019,20:18,Cash,174139.2,4.761904762,8706.96,9.1
258-92-7466,A,Lagos,Normal,Female,Health and beauty,12844.8,5,3211.2,67435.2,2/6/2019,18:33,Card,64224,4.761904762,3211.2,6.6
857-16-3520,A,Lagos,Member,Female,Fashion accessories,25725.6,7,9003.96,189083.16,3/28/2019,16:06,Epay,180079.2,4.761904762,9003.96,4.5
482-17-1179,A,Lagos,Member,Male,Electronic accessories,4298.4,3,644.76,13539.96,1/19/2019,12:47,Card,12895.2,4.761904762,644.76,8.1
788-21-5741,A,Lagos,Normal,Male,Fashion accessories,16336.8,3,2450.52,51460.92,2/17/2019,13:34,Card,49010.4,4.761904762,2450.52,7.2
247-11-2470,A,Lagos,Member,Female,Fashion accessories,8035.2,4,1607.04,33747.84,3/1/2019,16:23,Card,32140.8,4.761904762,1607.04,4.4
635-28-5728,A,Lagos,Normal,Male,Health and beauty,20160,3,3024,63504,2/28/2019,19:33,Epay,60480,4.761904762,3024,4.8
756-49-0168,A,Lagos,Member,Male,Fashion accessories,7092,1,354.6,7446.6,2/8/2019,11:39,Epay,7092,4.761904762,354.6,9.5
805-86-0265,A,Lagos,Normal,Male,Home and lifestyle,33825.6,9,15221.52,319651.92,3/20/2019,11:32,Cash,304430.4,4.761904762,15221.52,9.8
373-14-0504,A,Lagos,Member,Female,Sports and travel,25786.8,2,2578.68,54152.28,2/12/2019,14:33,Epay,51573.6,4.761904762,2578.68,8.8
546-80-2899,A,Lagos,Member,Male,Home and lifestyle,13568.4,2,1356.84,28493.64,2/20/2019,15:29,Epay,27136.8,4.761904762,1356.84,9.5
585-86-8361,A,Lagos,Normal,Female,Food and beverages,9820.8,5,2455.2,51559.2,2/3/2019,10:31,Card,49104,4.761904762,2455.2,8.6
807-14-7833,A,Lagos,Member,Female,Electronic accessories,6271.2,10,3135.6,65847.6,2/22/2019,12:30,Epay,62712,4.761904762,3135.6,7
652-43-6591,A,Lagos,Normal,Female,Fashion accessories,35024.4,8,14009.76,294204.96,3/9/2019,13:18,Card,280195.2,4.761904762,14009.76,6.2
406-46-7107,A,Lagos,Normal,Female,Home and lifestyle,34747.2,6,10424.16,218907.36,1/11/2019,11:52,Cash,208483.2,4.761904762,10424.16,4.5
250-17-5703,A,Lagos,Member,Male,Food and beverages,6786,10,3393,71253,2/27/2019,18:24,Epay,67860,4.761904762,3393,5.6
156-95-3964,A,Lagos,Normal,Female,Food and beverages,19940.4,4,3988.08,83749.68,3/25/2019,15:19,Epay,79761.6,4.761904762,3988.08,8
410-67-1709,A,Lagos,Member,Female,Fashion accessories,22996.8,8,9198.72,193173.12,1/20/2019,17:48,Epay,183974.4,4.761904762,9198.72,9.9
587-73-4862,A,Lagos,Member,Female,Health and beauty,3848.4,5,962.1,20204.1,3/26/2019,11:07,Epay,19242,4.761904762,962.1,7.6
787-87-2010,A,Lagos,Member,Male,Health and beauty,19980,4,3996,83916,1/20/2019,15:48,Card,79920,4.761904762,3996,6.6
886-54-6089,A,Lagos,Normal,Female,Home and lifestyle,4114.8,6,1234.44,25923.24,1/15/2019,17:24,Cash,24688.8,4.761904762,1234.44,7.7
534-53-3526,A,Lagos,Normal,Female,Sports and travel,34113.6,4,6822.72,143277.12,2/11/2019,16:06,Epay,136454.4,4.761904762,6822.72,7.8
307-04-2070,A,Lagos,Member,Female,Fashion accessories,11023.2,1,551.16,11574.36,2/5/2019,14:14,Card,11023.2,4.761904762,551.16,4.1
404-91-5964,A,Lagos,Normal,Male,Electronic accessories,26848.8,7,9397.08,197338.68,2/4/2019,16:09,Card,187941.6,4.761904762,9397.08,9
497-37-6538,A,Lagos,Normal,Male,Sports and travel,21207.6,7,7422.66,155875.86,1/17/2019,15:15,Epay,148453.2,4.761904762,7422.66,9.7
651-96-5970,A,Lagos,Normal,Male,Fashion accessories,16707.6,1,835.38,17542.98,3/3/2019,20:06,Card,16707.6,4.761904762,835.38,4
263-12-5321,A,Lagos,Member,Male,Electronic accessories,33336,7,11667.6,245019.6,2/27/2019,12:52,Card,233352,4.761904762,11667.6,9.3
702-72-0487,A,Lagos,Normal,Female,Electronic accessories,16779.6,2,1677.96,35237.16,2/26/2019,12:28,Card,33559.2,4.761904762,1677.96,6.6
864-24-7918,A,Lagos,Member,Female,Sports and travel,8816.4,10,4408.2,92572.2,2/22/2019,15:15,Cash,88164,4.761904762,4408.2,8.1
759-29-9521,A,Lagos,Member,Female,Fashion accessories,17625.6,9,7931.52,166561.92,3/4/2019,11:27,Cash,158630.4,4.761904762,7931.52,8
220-68-6701,A,Lagos,Normal,Female,Home and lifestyle,27889.2,4,5577.84,117134.64,3/17/2019,16:36,Cash,111556.8,4.761904762,5577.84,4.2
618-34-8551,A,Lagos,Normal,Female,Sports and travel,33544.8,2,3354.48,70444.08,1/16/2019,18:41,Card,67089.6,4.761904762,3354.48,8.5
257-60-7754,A,Lagos,Normal,Female,Electronic accessories,18082.8,4,3616.56,75947.76,1/8/2019,17:12,Cash,72331.2,4.761904762,3616.56,9
380-60-5336,A,Lagos,Normal,Female,Electronic accessories,14493.6,10,7246.8,152182.8,2/24/2019,18:06,Card,144936,4.761904762,7246.8,5
674-56-6360,A,Lagos,Normal,Male,Electronic accessories,34254,1,1712.7,35966.7,3/22/2019,14:00,Cash,34254,4.761904762,1712.7,6
778-34-2523,A,Lagos,Member,Female,Electronic accessories,17503.2,8,7001.28,147026.88,1/24/2019,10:57,Cash,140025.6,4.761904762,7001.28,5
832-51-6761,A,Lagos,Normal,Male,Food and beverages,12196.8,8,4878.72,102453.12,1/19/2019,20:29,Epay,97574.4,4.761904762,4878.72,9.6
186-43-8965,A,Lagos,Member,Female,Home and lifestyle,17164.8,2,1716.48,36046.08,2/24/2019,10:10,Card,34329.6,4.761904762,1716.48,4.1
276-75-6884,A,Lagos,Normal,Female,Health and beauty,24735.6,3,3710.34,77917.14,3/4/2019,10:05,Cash,74206.8,4.761904762,3710.34,8.7
569-76-2760,A,Lagos,Member,Female,Sports and travel,7923.6,4,1584.72,33279.12,1/29/2019,18:15,Card,31694.4,4.761904762,1584.72,6.6
760-53-9233,A,Lagos,Member,Male,Fashion accessories,14860.8,3,2229.12,46811.52,3/26/2019,18:37,Card,44582.4,4.761904762,2229.12,8.5
416-17-9926,A,Lagos,Member,Female,Electronic accessories,26719.2,10,13359.6,280551.6,1/1/2019,14:42,Card,267192,4.761904762,13359.6,4.3
237-44-6163,A,Lagos,Normal,Male,Electronic accessories,3801.6,8,1520.64,31933.44,1/24/2019,17:43,Cash,30412.8,4.761904762,1520.64,7.6
528-14-9470,A,Lagos,Member,Male,Health and beauty,32868,1,1643.4,34511.4,2/14/2019,14:42,Epay,32868,4.761904762,1643.4,9.2
807-34-3742,A,Lagos,Normal,Male,Fashion accessories,18856.8,1,942.84,19799.64,3/26/2019,19:44,Cash,18856.8,4.761904762,942.84,5.8
288-62-1085,A,Lagos,Member,Male,Fashion accessories,13874.4,5,3468.6,72840.6,1/9/2019,13:34,Epay,69372,4.761904762,3468.6,5.6
497-36-0989,A,Lagos,Normal,Male,Fashion accessories,18698.4,3,2804.76,58899.96,2/15/2019,15:21,Cash,56095.2,4.761904762,2804.76,7.9
860-73-6466,A,Lagos,Member,Female,Sports and travel,14209.2,2,1420.92,29839.32,3/2/2019,16:16,Card,28418.4,4.761904762,1420.92,5
896-34-0956,A,Lagos,Normal,Male,Fashion accessories,7675.2,1,383.76,8058.96,1/26/2019,12:43,Cash,7675.2,4.761904762,383.76,5.9
804-38-3935,A,Lagos,Member,Male,Electronic accessories,33760.8,3,5064.12,106346.52,1/30/2019,11:32,Card,101282.4,4.761904762,5064.12,5.9
585-90-0249,A,Lagos,Member,Male,Electronic accessories,26373.6,1,1318.68,27692.28,1/27/2019,18:08,Epay,26373.6,4.761904762,1318.68,9.7
125-45-2293,A,Lagos,Normal,Female,Fashion accessories,35676,6,10702.8,224758.8,1/19/2019,13:11,Cash,214056,4.761904762,10702.8,4.2
843-73-4724,A,Lagos,Normal,Male,Fashion accessories,26676,1,1333.8,28009.8,1/25/2019,11:05,Cash,26676,4.761904762,1333.8,9.2
409-33-9708,A,Lagos,Normal,Female,Fashion accessories,35452.8,2,3545.28,74450.88,2/19/2019,10:12,Epay,70905.6,4.761904762,3545.28,9.2
160-22-2687,A,Lagos,Member,Female,Health and beauty,34542,5,8635.5,181345.5,1/23/2019,14:21,Epay,172710,4.761904762,8635.5,8.8
748-45-2862,A,Lagos,Member,Female,Home and lifestyle,10191.6,4,2038.32,42804.72,3/7/2019,18:35,Cash,40766.4,4.761904762,2038.32,8.2
316-66-3011,A,Lagos,Member,Female,Food and beverages,17146.8,9,7716.06,162037.26,1/23/2019,12:35,Cash,154321.2,4.761904762,7716.06,5
840-76-5966,A,Lagos,Member,Male,Sports and travel,4593.6,2,459.36,9646.56,1/8/2019,18:06,Epay,9187.2,4.761904762,459.36,7.8
124-31-1458,A,Lagos,Member,Female,Electronic accessories,28652.4,3,4297.86,90255.06,1/8/2019,14:30,Cash,85957.2,4.761904762,4297.86,6.6
852-82-2749,A,Lagos,Normal,Male,Sports and travel,23252.4,4,4650.48,97660.08,1/6/2019,13:35,Epay,93009.6,4.761904762,4650.48,9.3
873-14-6353,A,Lagos,Member,Male,Food and beverages,8935.2,7,3127.32,65673.72,2/16/2019,10:33,Card,62546.4,4.761904762,3127.32,7.1
166-19-2553,A,Lagos,Member,Male,Sports and travel,32061.6,6,9618.48,201988.08,1/18/2019,17:26,Cash,192369.6,4.761904762,9618.48,9.9
737-88-5876,A,Lagos,Member,Male,Home and lifestyle,8384.4,4,1676.88,35214.48,3/19/2019,11:52,Card,33537.6,4.761904762,1676.88,5.9
448-61-3783,A,Lagos,Normal,Female,Electronic accessories,32407.2,8,12962.88,272220.48,3/21/2019,16:08,Card,259257.6,4.761904762,12962.88,4.5
291-55-6563,A,Lagos,Member,Female,Home and lifestyle,12391.2,6,3717.36,78064.56,3/30/2019,12:45,Epay,74347.2,4.761904762,3717.36,7.5
548-48-3156,A,Lagos,Member,Female,Food and beverages,30002.4,2,3000.24,63005.04,3/19/2019,13:37,Cash,60004.8,4.761904762,3000.24,7.6
460-93-5834,A,Lagos,Normal,Male,Sports and travel,16408.8,7,5743.08,120604.68,1/13/2019,10:03,Cash,114861.6,4.761904762,5743.08,5
325-89-4209,A,Lagos,Member,Male,Food and beverages,31644,1,1582.2,33226.2,2/5/2019,19:42,Epay,31644,4.761904762,1582.2,6.7
884-80-6021,A,Lagos,Member,Female,Electronic accessories,26449.2,10,13224.6,277716.6,3/23/2019,13:14,Epay,264492,4.761904762,13224.6,9.5
880-46-5796,A,Lagos,Member,Male,Sports and travel,27691.2,10,13845.6,290757.6,3/17/2019,19:53,Epay,276912,4.761904762,13845.6,5.6
146-09-5432,A,Lagos,Member,Male,Food and beverages,12614.4,9,5676.48,119206.08,2/9/2019,19:17,Epay,113529.6,4.761904762,5676.48,4.6
595-94-9924,A,Lagos,Member,Female,Health and beauty,9982.8,5,2495.7,52409.7,3/26/2019,20:21,Card,49914,4.761904762,2495.7,4.2
865-41-9075,A,Lagos,Normal,Male,Food and beverages,4150.8,7,1452.78,30508.38,1/28/2019,17:35,Cash,29055.6,4.761904762,1452.78,8.1
186-71-5196,A,Lagos,Member,Female,Food and beverages,28634.4,2,2863.44,60132.24,3/27/2019,16:30,Epay,57268.8,4.761904762,2863.44,6.2
453-33-6436,A,Lagos,Normal,Female,Home and lifestyle,33523.2,8,13409.28,281594.88,2/7/2019,10:09,Cash,268185.6,4.761904762,13409.28,6.8
522-57-8364,A,Lagos,Member,Male,Fashion accessories,18482.4,8,7392.96,155252.16,1/31/2019,10:00,Epay,147859.2,4.761904762,7392.96,7.6
459-45-2396,A,Lagos,Member,Female,Food and beverages,35856,3,5378.4,112946.4,2/25/2019,18:45,Cash,107568,4.761904762,5378.4,5.8
749-81-8133,A,Lagos,Normal,Female,Fashion accessories,34081.2,4,6816.24,143141.04,3/11/2019,12:04,Cash,136324.8,4.761904762,6816.24,6.8
397-25-8725,A,Lagos,Member,Female,Health and beauty,14263.2,9,6418.44,134787.24,1/13/2019,17:54,Card,128368.8,4.761904762,6418.44,6.8
243-55-8457,A,Lagos,Normal,Female,Food and beverages,26798.4,10,13399.2,281383.2,2/27/2019,11:40,Epay,267984,4.761904762,13399.2,5.1
361-85-2571,A,Lagos,Normal,Female,Sports and travel,32212.8,5,8053.2,169117.2,3/30/2019,10:18,Cash,161064,4.761904762,8053.2,7.4
131-70-8179,A,Lagos,Member,Female,Health and beauty,33152.4,3,4972.86,104430.06,2/17/2019,16:27,Cash,99457.2,4.761904762,4972.86,4.2
720-72-2436,A,Lagos,Normal,Male,Food and beverages,23947.2,4,4789.44,100578.24,3/2/2019,18:14,Epay,95788.8,4.761904762,4789.44,6.9
809-69-9497,A,Lagos,Normal,Female,Home and lifestyle,16444.8,10,8222.4,172670.4,1/19/2019,19:30,Epay,164448,4.761904762,8222.4,5.7
449-16-6770,A,Lagos,Normal,Male,Health and beauty,18284.4,5,4571.1,95993.1,2/19/2019,14:53,Card,91422,4.761904762,4571.1,5.3
333-23-2632,A,Lagos,Member,Male,Health and beauty,3628.8,7,1270.08,26671.68,3/28/2019,20:14,Cash,25401.6,4.761904762,1270.08,4.2
489-82-1237,A,Lagos,Normal,Female,Electronic accessories,33796.8,7,11828.88,248406.48,1/5/2019,11:51,Card,236577.6,4.761904762,11828.88,7.3
846-10-0341,A,Lagos,Normal,Female,Fashion accessories,15325.2,7,5363.82,112640.22,1/6/2019,11:51,Cash,107276.4,4.761904762,5363.82,6.8
384-59-6655,A,Lagos,Member,Female,Food and beverages,35517.6,9,15982.92,335641.32,2/19/2019,15:07,Cash,319658.4,4.761904762,15982.92,8.4
324-92-3863,A,Lagos,Member,Male,Electronic accessories,7520.4,2,752.04,15792.84,2/5/2019,18:45,Cash,15040.8,4.761904762,752.04,9.8
593-08-5916,A,Lagos,Normal,Female,Fashion accessories,5580,1,279,5859,3/19/2019,15:23,Card,5580,4.761904762,279,7.4
558-60-5016,A,Lagos,Normal,Female,Home and lifestyle,11988,9,5394.6,113286.6,3/4/2019,15:27,Epay,107892,4.761904762,5394.6,7.2
195-06-0432,A,Lagos,Member,Male,Home and lifestyle,29163.6,3,4374.54,91865.34,1/13/2019,12:55,Card,87490.8,4.761904762,4374.54,9.3
605-03-2706,A,Lagos,Normal,Female,Health and beauty,5688,3,853.2,17917.2,3/25/2019,18:02,Cash,17064,4.761904762,853.2,9.5
531-56-4728,A,Lagos,Normal,Male,Home and lifestyle,28828.8,3,4324.32,90810.72,2/11/2019,15:29,Cash,86486.4,4.761904762,4324.32,5.4
221-25-5073,A,Lagos,Normal,Female,Food and beverages,26877.6,4,5375.52,112885.92,3/4/2019,10:39,Cash,107510.4,4.761904762,5375.52,8.5
809-46-1866,A,Lagos,Normal,Male,Health and beauty,20934,4,4186.8,87922.8,1/23/2019,17:44,Cash,83736,4.761904762,4186.8,8.4
139-32-4183,A,Lagos,Member,Female,Sports and travel,35092.8,9,15791.76,331626.96,3/14/2019,14:19,Epay,315835.2,4.761904762,15791.76,7.4
886-18-2897,A,Lagos,Normal,Female,Food and beverages,20361.6,5,5090.4,106898.4,3/22/2019,19:06,Card,101808,4.761904762,5090.4,4.5
745-74-0715,A,Lagos,Normal,Male,Electronic accessories,20890.8,2,2089.08,43870.68,3/10/2019,20:46,Epay,41781.6,4.761904762,2089.08,8.8
727-02-1313,A,Lagos,Member,Male,Food and beverages,11462.4,1,573.12,12035.52,2/9/2019,13:22,Cash,11462.4,4.761904762,573.12,7.7
347-56-2442,A,Lagos,Normal,Male,Home and lifestyle,23695.2,1,1184.76,24879.96,2/22/2019,15:33,Cash,23695.2,4.761904762,1184.76,4.1
849-09-3807,A,Lagos,Member,Female,Fashion accessories,31802.4,7,11130.84,233747.64,2/18/2019,13:28,Cash,222616.8,4.761904762,11130.84,6.6
